logged_at,tourney,round,match_no,player_a,player_b,pick_player,pick_odds,is_underdog,model_pick_prob,other_model_pick_prob,book_pick_prob,raw_edge,edge_score,confidence_score,agreement_score,volatility_score,pick_score,courtiq_score,bucket,voided,voided_at,voided_reason,outcome,profit_units,updated_at
2026-06-15T00:06:28+00:00,halle2026,R32,1,Alexander Zverev,Vit Kopriva,Alexander Zverev,-1960.0,False,0.776665,0.857143,0.909011,-0.132346,0.0,1.0,1.0,0.1073,0.4393,43.93,Avoid,False,,,win,0.051,2026-06-17T20:39:19+00:00
2026-06-15T00:06:28+00:00,halle2026,R32,2,Joao Fonseca,Yannick Hanfmann,Joao Fonseca,-251.0,False,0.680093,0.857143,0.682065,-0.001972,0.0,0.7204,1.0,0.3798,0.3281,32.81,Avoid,False,,,loss,-1.0,2026-06-17T20:39:19+00:00
2026-06-15T00:06:28+00:00,halle2026,R32,3,Alexei Popyrin,Raphael Collignon,Raphael Collignon,-125.0,False,0.541311,0.717391,0.530026,0.011285,0.1129,0.1652,1.0,0.7539,0.175,17.5,Avoid,False,,,win,0.8,2026-06-17T20:39:19+00:00
2026-06-15T00:06:28+00:00,halle2026,R32,4,Mattia Bellucci,Alexander Bublik,Alexander Bublik,-340.0,False,0.631871,0.761905,0.735577,-0.103706,0.0,0.5275,1.0,0.3768,0.2706,27.06,Avoid,False,,,loss,-1.0,2026-06-17T20:39:19+00:00
2026-06-15T00:06:28+00:00,halle2026,R32,5,Ben Shelton,Nick Kyrgios,Ben Shelton,-229.0,False,0.569637,0.821429,0.664066,-0.094429,0.0,0.2785,1.0,0.5745,0.1761,17.61,Avoid,True,2026-06-17T01:18:58+00:00,opponent swap → Ben Shelton vs Lorenzo Sonego,,,
2026-06-15T00:06:28+00:00,halle2026,R32,6,Karen Khachanov,Ethan Quinn,Karen Khachanov,-306.0,False,0.654982,0.821429,0.718708,-0.063726,0.0,0.6199,1.0,0.3833,0.2976,29.76,Avoid,False,,,loss,-1.0,2026-06-17T20:39:19+00:00
2026-06-15T00:06:28+00:00,halle2026,R32,7,Fabian Marozsan,Miomir Kecmanovic,Miomir Kecmanovic,-127.0,False,0.555673,0.717391,0.532999,0.022675,0.2267,0.2227,1.0,0.7279,0.2461,24.61,Upset Watch,False,,,loss,-1.0,2026-06-17T20:39:19+00:00
2026-06-15T00:06:28+00:00,halle2026,R32,8,Zizou Bergs,Taylor Fritz,Taylor Fritz,-368.0,False,0.623572,0.844037,0.750235,-0.126663,0.0,0.4943,1.0,0.4023,0.2581,25.81,Avoid,False,,,win,0.2717,2026-06-17T20:39:19+00:00
2026-06-15T00:06:28+00:00,halle2026,R32,9,Andrey Rublev,Hubert Hurkacz,Andrey Rublev,-128.0,False,0.613565,0.857143,0.535073,0.078491,0.7849,0.4543,1.0,0.6332,0.5762,57.62,Green,False,,,loss,-1.0,2026-06-17T20:39:19+00:00
2026-06-15T00:06:28+00:00,halle2026,R32,10,Nikoloz Basilashvili,Daniel Altmaier,Daniel Altmaier,114.0,True,0.555854,0.693548,0.445513,0.110341,1.0,0.2234,0.8,0.7497,0.5621,56.21,Upset Watch,False,,,win,1.14,2026-06-17T20:39:19+00:00
2026-06-15T00:06:28+00:00,halle2026,R32,11,Terence Atmane,Martin Landaluce,Martin Landaluce,-161.0,False,0.56362,0.652381,0.588665,-0.025045,0.0,0.2545,1.0,0.5779,0.1686,16.86,Avoid,False,,,loss,-1.0,2026-06-17T20:39:19+00:00
2026-06-15T00:06:28+00:00,halle2026,R32,12,Tomas Martin Etcheverry,Daniil Medvedev,Daniil Medvedev,-447.0,False,0.713089,0.844037,0.780055,-0.066965,0.0,0.8524,1.0,0.2337,0.3823,38.23,Avoid,False,,,win,0.2237,2026-06-17T20:39:19+00:00
2026-06-15T00:06:28+00:00,halle2026,R32,13,Flavio Cobolli,Frances Tiafoe,Flavio Cobolli,125.0,True,0.53358,0.611279,0.423608,0.109972,1.0,0.1343,0.8,0.6835,0.5419,54.19,Upset Watch,False,,,loss,-1.0,2026-06-17T20:39:19+00:00
2026-06-15T00:06:28+00:00,halle2026,R32,14,Tallon Griekspoor,Sho Shimabukuro,Tallon Griekspoor,-164.0,False,0.599306,0.821429,0.592442,0.006864,0.0686,0.3972,1.0,0.5987,0.2402,24.02,Avoid,False,,,loss,-1.0,2026-06-17T20:39:19+00:00
2026-06-15T00:06:28+00:00,halle2026,R32,15,Max Schoenhaus,Learner Tien,Learner Tien,-552.0,False,0.60869,0.790123,0.807978,-0.199288,0.0,0.4348,1.0,0.4261,0.2378,23.78,Avoid,False,,,win,0.1812,2026-06-17T20:39:19+00:00
2026-06-15T00:06:28+00:00,halle2026,R32,16,Nuno Borges,Felix Auger Aliassime,Felix Auger Aliassime,-325.0,False,0.677402,0.790123,0.729687,-0.052285,0.0,0.7096,1.0,0.2868,0.3342,33.42,Avoid,False,,,win,0.3077,2026-06-17T20:39:19+00:00
2026-06-15T00:06:31+00:00,queens2026,R32,1,Alex De Minaur,Gabriel Diallo,Alex De Minaur,-516.0,False,0.65068,0.857143,0.79949,-0.14881,0.0,0.6027,1.0,0.3589,0.2949,29.49,Avoid,False,,,win,0.1938,2026-06-17T20:39:22+00:00
2026-06-15T00:06:31+00:00,queens2026,R32,2,Jack Pinnington Jones,Denis Shapovalov,Denis Shapovalov,-160.0,False,0.56526,0.716977,0.587039,-0.02178,0.0,0.261,1.0,0.6585,0.1625,16.25,Avoid,False,,,win,0.625,2026-06-17T20:39:22+00:00
2026-06-15T00:06:31+00:00,queens2026,R32,3,Brandon Nakashima,Marton Fucsovics,Brandon Nakashima,-176.0,False,0.578186,0.746575,0.607776,-0.02959,0.0,0.3127,1.0,0.6171,0.1821,18.21,Avoid,False,,,win,0.5682,2026-06-17T20:39:22+00:00
2026-06-15T00:06:31+00:00,queens2026,R32,4,Ignacio Buse,Rafael Jodar,Rafael Jodar,-271.0,False,0.669292,0.790123,0.696384,-0.027093,0.0,0.6772,1.0,0.3439,0.3188,31.88,Avoid,False,,,,,
2026-06-15T00:06:31+00:00,queens2026,R32,5,Jakub Mensik,Adrian Mannarino,Jakub Mensik,-229.0,False,0.614964,0.779661,0.664066,-0.049102,0.0,0.4599,1.0,0.502,0.2378,23.78,Avoid,False,,,loss,-1.0,2026-06-17T20:39:22+00:00
2026-06-15T00:06:31+00:00,queens2026,R32,6,Arthur Fery,Toby Samuel,Toby Samuel,123.0,True,0.50398,0.761905,0.427716,0.076264,0.7626,0.0159,0.8,0.8313,0.3848,38.48,Lean,False,,,loss,-1.0,2026-06-17T20:39:22+00:00
2026-06-15T00:06:31+00:00,queens2026,R32,7,Jenson Brooksby,Martin Damm,Jenson Brooksby,-104.0,False,0.542265,0.746575,0.486002,0.056262,0.5626,0.1691,0.8,0.7684,0.3471,34.71,Lean,False,,,win,0.9615,2026-06-17T20:39:22+00:00
2026-06-15T00:06:31+00:00,queens2026,R32,8,Aleksandar Kovacevic,Francisco Cerundolo,Francisco Cerundolo,-168.0,False,0.643438,0.774194,0.597694,0.045744,0.4574,0.5738,1.0,0.4971,0.4783,47.83,Green,False,,,win,0.5952,2026-06-17T20:39:22+00:00
2026-06-15T00:06:31+00:00,queens2026,R32,9,Tommy Paul,Zachary Svajda,Tommy Paul,-373.0,False,0.704004,0.857143,0.752233,-0.048229,0.0,0.816,1.0,0.2736,0.3674,36.74,Avoid,False,,,win,0.2681,2026-06-17T20:39:22+00:00
2026-06-15T00:06:31+00:00,queens2026,R32,10,Botic van de Zandschulp,Harry Wendelken,Botic van de Zandschulp,-359.0,False,0.563066,0.779661,0.746246,-0.18318,0.0,0.2523,1.0,0.5028,0.1754,17.54,Avoid,False,,,win,0.2786,2026-06-17T20:39:22+00:00
2026-06-15T00:06:31+00:00,queens2026,R32,11,Giovanni Mpetshi Perricard,Corentin Moutet,Corentin Moutet,130.0,True,0.504778,0.652381,0.414599,0.090179,0.9018,0.0191,0.8,0.8138,0.4502,45.02,Upset Watch,False,,,win,1.3,2026-06-17T20:39:22+00:00
2026-06-15T00:06:31+00:00,queens2026,R32,12,Cameron Norrie,Alejandro Davidovich Fokina,Alejandro Davidovich Fokina,-138.0,False,0.504001,0.480663,0.552581,-0.04858,0.0,0.016,0.5,0.6221,0.0176,1.76,Avoid,False,,,win,0.7246,2026-06-17T20:39:22+00:00
2026-06-15T00:06:31+00:00,queens2026,R32,13,Arthur Rinderknech,Hamad Medjedovic,Arthur Rinderknech,-133.0,False,0.5304,0.567164,0.544005,-0.013605,0.0,0.1216,1.0,0.6064,0.1258,12.58,Avoid,False,,,loss,-1.0,2026-06-17T20:39:22+00:00
2026-06-15T00:06:31+00:00,queens2026,R32,14,Ugo Humbert,Marin Cilic,Ugo Humbert,-150.0,False,0.526714,0.519337,0.572284,-0.04557,0.0,0.1069,1.0,0.5448,0.1276,12.76,Avoid,False,,,win,0.6667,2026-06-17T20:39:22+00:00
2026-06-15T00:06:31+00:00,queens2026,R32,15,Rinky Hijikata,Alejandro Tabilo,Alejandro Tabilo,-113.0,False,0.548379,0.717391,0.505375,0.043004,0.43,0.1935,1.0,0.7672,0.3249,32.49,Lean,False,,,loss,-1.0,2026-06-17T20:39:22+00:00
2026-06-15T00:06:31+00:00,queens2026,R32,16,Kamil Majchrzak,Jiri Lehecka,Jiri Lehecka,-205.0,False,0.60529,0.844037,0.641303,-0.036013,0.0,0.4212,1.0,0.5402,0.2223,22.23,Avoid,False,,,win,0.4878,2026-06-17T20:39:22+00:00
2026-06-17T01:18:58+00:00,halle2026,R32,5,Ben Shelton,Lorenzo Sonego,Ben Shelton,-303.0,False,0.661105,0.857143,0.748101,-0.086996,0.0,0.6444,1.0,0.3441,0.3089,30.89,Avoid,False,,,win,0.33,2026-06-17T20:39:19+00:00
2026-06-17T20:40:26+00:00,halle2026,R16,1,Alexander Zverev,Yannick Hanfmann,Alexander Zverev,-909.0,False,0.73865,0.857143,0.863131,-0.124481,0.0,0.9546,1.0,0.1762,0.4188,41.88,Avoid,False,,,win,0.11,2026-06-18T22:16:28+00:00
2026-06-17T20:40:26+00:00,halle2026,R16,2,Raphael Collignon,Mattia Bellucci,Raphael Collignon,-125.0,False,0.577073,0.779661,0.543147,0.033925,0.3393,0.3083,1.0,0.6835,0.3268,32.68,Lean,False,,,win,0.8,2026-06-18T22:16:28+00:00
2026-06-17T20:40:26+00:00,halle2026,R16,3,Ben Shelton,Ethan Quinn,Ben Shelton,-333.0,False,0.682793,0.857143,0.750915,-0.068122,0.0,0.7312,1.0,0.3075,0.3386,33.86,Avoid,False,,,win,0.3003,2026-06-18T22:16:28+00:00
2026-06-17T20:40:26+00:00,halle2026,R16,4,Fabian Marozsan,Taylor Fritz,Taylor Fritz,-400.0,False,0.62965,0.844037,0.761905,-0.132255,0.0,0.5186,1.0,0.3926,0.2663,26.63,Avoid,False,,,win,0.25,2026-06-18T22:16:28+00:00
2026-06-17T20:40:26+00:00,halle2026,R16,5,Hubert Hurkacz,Daniel Altmaier,Hubert Hurkacz,-400.0,False,0.603708,0.611511,0.761905,-0.158197,0.0,0.4148,1.0,0.2445,0.25,25.0,Avoid,False,,,loss,-1.0,2026-06-18T22:16:28+00:00
2026-06-17T20:40:26+00:00,halle2026,R16,6,Terence Atmane,Daniil Medvedev,Daniil Medvedev,-588.0,False,0.714848,0.844037,0.814865,-0.100016,0.0,0.8594,1.0,0.2285,0.385,38.5,Avoid,False,,,win,0.1701,2026-06-18T22:16:28+00:00
2026-06-17T20:40:26+00:00,halle2026,R16,7,Frances Tiafoe,Sho Shimabukuro,Frances Tiafoe,-233.0,False,0.646323,0.857143,0.677326,-0.031003,0.0,0.5853,1.0,0.4386,0.2817,28.17,Avoid,False,,,win,0.4292,2026-06-18T22:16:28+00:00
2026-06-17T20:40:26+00:00,halle2026,R16,8,Learner Tien,Felix Auger Aliassime,Felix Auger Aliassime,-137.0,False,0.621262,0.774194,0.559807,0.061455,0.6146,0.485,1.0,0.5962,0.5124,51.24,Green,False,,,win,0.7299,2026-06-18T22:16:28+00:00
2026-06-17T20:40:29+00:00,queens2026,R16,1,Alex De Minaur,Denis Shapovalov,Alex De Minaur,-400.0,False,0.668521,0.857143,0.761905,-0.093384,0.0,0.6741,1.0,0.3304,0.3192,31.92,Avoid,False,,,win,0.25,2026-06-18T22:16:31+00:00
2026-06-17T20:40:29+00:00,queens2026,R16,2,Brandon Nakashima,Ignacio Buse,Brandon Nakashima,-345.0,False,0.585872,0.611511,0.744069,-0.158197,0.0,0.3435,1.0,0.3027,0.2228,22.28,Avoid,False,,,win,0.2899,2026-06-18T22:16:31+00:00
2026-06-17T20:40:29+00:00,queens2026,R16,3,Adrian Mannarino,Arthur Fery,Adrian Mannarino,-120.0,False,0.530527,0.746575,0.533898,-0.003371,0.0,0.1221,1.0,0.7673,0.1099,10.99,Avoid,False,,,loss,-1.0,2026-06-18T22:16:31+00:00
2026-06-17T20:40:29+00:00,queens2026,R16,4,Jenson Brooksby,Francisco Cerundolo,Francisco Cerundolo,-182.0,False,0.58799,0.790123,0.617368,-0.029377,0.0,0.352,1.0,0.5918,0.1964,19.64,Avoid,False,,,win,0.5495,2026-06-18T22:16:31+00:00
2026-06-17T20:40:29+00:00,queens2026,R16,5,Tommy Paul,Botic van de Zandschulp,Tommy Paul,-338.0,False,0.658105,0.857143,0.736392,-0.078287,0.0,0.6324,1.0,0.3606,0.3037,30.37,Avoid,False,,,win,0.2959,2026-06-18T22:16:31+00:00
2026-06-17T20:40:29+00:00,queens2026,R16,6,Corentin Moutet,Alejandro Davidovich Fokina,Alejandro Davidovich Fokina,-162.0,False,0.62941,0.844037,0.590279,0.039131,0.3913,0.5176,1.0,0.5527,0.4261,42.61,Lean,False,,,win,0.6173,2026-06-18T22:16:31+00:00
2026-06-17T20:40:29+00:00,queens2026,R16,7,Hamad Medjedovic,Ugo Humbert,Ugo Humbert,-181.0,False,0.580113,0.652381,0.614048,-0.033935,0.0,0.3205,1.0,0.5041,0.1957,19.57,Avoid,False,,,win,0.5525,2026-06-20T01:54:46+00:00
2026-06-17T20:40:29+00:00,queens2026,R16,8,Rinky Hijikata,Jiri Lehecka,Jiri Lehecka,-313.0,False,0.613146,0.774194,0.722767,-0.10962,0.0,0.4526,1.0,0.4462,0.2412,24.12,Avoid,False,,,loss,-1.0,2026-06-20T01:54:46+00:00
2026-06-18T22:17:21+00:00,halle2026,QF,1,Alexander Zverev,Raphael Collignon,Alexander Zverev,-600.0,False,0.694643,0.857143,0.818182,-0.123539,0.0,0.7786,1.0,0.2886,0.3547,35.47,Avoid,False,,,win,0.1667,2026-06-20T01:54:41+00:00
2026-06-18T22:17:21+00:00,halle2026,QF,2,Ben Shelton,Taylor Fritz,Taylor Fritz,-116.0,False,0.502567,0.432836,0.511838,-0.009272,0.0,0.0103,0.5,0.727,0.0054,0.54,Avoid,False,,,win,0.8621,2026-06-20T01:54:41+00:00
2026-06-18T22:17:21+00:00,halle2026,QF,3,Daniel Altmaier,Daniil Medvedev,Daniil Medvedev,-690.0,False,0.742005,0.844037,0.834187,-0.092181,0.0,0.968,1.0,0.1488,0.4255,42.55,Avoid,False,,,loss,-1.0,2026-06-20T01:54:41+00:00
2026-06-18T22:17:21+00:00,halle2026,QF,4,Frances Tiafoe,Felix Auger Aliassime,Felix Auger Aliassime,-182.0,False,0.591478,0.652381,0.615469,-0.02399,0.0,0.3659,1.0,0.4694,0.2128,21.28,Avoid,False,,,loss,-1.0,2026-06-20T01:54:41+00:00
2026-06-20T01:56:09+00:00,halle2026,SF,1,Alexander Zverev,Taylor Fritz,Alexander Zverev,-147.0,False,0.565355,0.746575,0.568084,-0.002729,0.0,0.2614,1.0,0.6773,0.1607,16.07,Avoid,False,,,loss,-1.0,2026-06-20T23:21:38+00:00
2026-06-20T01:56:09+00:00,halle2026,SF,2,Daniel Altmaier,Frances Tiafoe,Frances Tiafoe,-305.0,False,0.711576,0.844037,0.718545,-0.006969,0.0,0.8463,1.0,0.2695,0.3769,37.69,Avoid,False,,,win,0.3279,2026-06-20T23:21:38+00:00
2026-06-20T01:56:13+00:00,queens2026,SF,1,Brandon Nakashima,Francisco Cerundolo,Francisco Cerundolo,149.0,True,0.563001,0.717391,0.383121,0.17988,1.0,0.252,0.8,0.7373,0.5719,57.19,Upset Watch,False,,,win,1.49,2026-06-20T23:21:39+00:00
2026-06-20T01:56:13+00:00,queens2026,SF,2,Tommy Paul,Ugo Humbert,Tommy Paul,-158.0,False,0.663202,0.821429,0.58375,0.079451,0.7945,0.6528,1.0,0.5051,0.6529,65.29,Top Pick,False,,,win,0.6329,2026-06-20T23:21:39+00:00
2026-06-20T23:22:15+00:00,halle2026,F,1,Taylor Fritz,Frances Tiafoe,Taylor Fritz,-221.0,False,0.545176,0.502572,0.656824,-0.111648,0.0,0.1807,1.0,0.4777,0.1564,15.64,Avoid,False,,,loss,-1.0,2026-06-21T16:06:41+00:00
2026-06-20T23:22:16+00:00,queens2026,F,1,Francisco Cerundolo,Tommy Paul,Tommy Paul,-230.0,False,0.62734,0.717391,0.664361,-0.037021,0.0,0.5094,1.0,0.402,0.2626,26.26,Avoid,False,,,loss,-1.0,2026-06-21T16:06:43+00:00
2026-06-26T16:09:28+00:00,wimbledon2026,R128,1,Jannik Sinner,Miomir Kecmanovic,Jannik Sinner,-3333.0,False,0.737452,0.911203,0.946438,-0.208986,0.0,0.9498,1.0,0.2201,0.4129,41.29,Avoid,False,,,win,0.03,2026-07-01T02:56:50+00:00
2026-06-26T16:09:28+00:00,wimbledon2026,R128,2,Nuno Borges,Tristan Boyer,Nuno Borges,-455.0,False,0.589266,0.611511,0.780211,-0.190945,0.0,0.3571,1.0,0.2868,0.2284,22.84,Avoid,False,,,win,0.2198,2026-07-01T02:56:50+00:00
2026-06-26T16:09:28+00:00,wimbledon2026,R128,3,Aleksandar Vukic,Jenson Brooksby,Jenson Brooksby,-222.0,False,0.531454,0.480663,0.654692,-0.123238,0.0,0.1258,0.5,0.5127,0.0615,6.15,Avoid,False,,,win,0.4505,2026-07-01T02:56:50+00:00
2026-06-26T16:09:28+00:00,wimbledon2026,R128,4,Emilio Nava,Ignacio Buse,Ignacio Buse,-159.0,False,0.603821,0.844037,0.593675,0.010147,0.1015,0.4153,1.0,0.5902,0.2612,26.12,Avoid,False,,,win,0.6289,2026-07-01T02:56:50+00:00
2026-06-26T16:09:28+00:00,wimbledon2026,R128,5,Rafael Jodar,Felix Gill,Rafael Jodar,-500.0,False,0.586401,0.857143,0.811617,-0.225216,0.0,0.3456,1.0,0.4618,0.2075,20.75,Avoid,False,,,win,0.2,2026-07-01T02:56:50+00:00
2026-06-26T16:09:28+00:00,wimbledon2026,R128,6,Denis Shapovalov,Pablo Carreno Busta,Denis Shapovalov,-227.0,False,0.529983,0.519337,0.675595,-0.145612,0.0,0.1199,1.0,0.4406,0.1419,14.19,Avoid,False,,,loss,-1.0,2026-07-01T02:56:50+00:00
2026-06-26T16:09:28+00:00,wimbledon2026,R128,7,Shintaro Mochizuki,Max Basing,Shintaro Mochizuki,-217.0,False,0.517997,0.209877,0.672521,-0.154523,0.0,0.072,0.5,0.6487,0.0317,3.17,Avoid,False,,,win,0.4608,2026-07-01T02:56:50+00:00
2026-06-26T16:09:28+00:00,wimbledon2026,R128,8,Ethan Quinn,Luciano Darderi,Luciano Darderi,138.0,True,0.59066,0.844037,0.417982,0.172679,1.0,0.3626,0.8,0.7279,0.606,60.6,Upset Watch,False,,,loss,-1.0,2026-07-01T02:56:50+00:00
2026-06-26T16:09:28+00:00,wimbledon2026,R128,9,Casper Ruud,Hubert Hurkacz,Casper Ruud,175.0,True,0.568636,0.821429,0.345308,0.223327,1.0,0.2745,0.8,0.6905,0.5833,58.33,Upset Watch,False,,,loss,-1.0,2026-07-01T02:56:50+00:00
2026-06-26T16:09:28+00:00,wimbledon2026,R128,10,Hamad Medjedovic,Sebastian Ofner,Hamad Medjedovic,-227.0,False,0.598805,0.746575,0.656242,-0.057437,0.0,0.3952,1.0,0.5327,0.2153,21.53,Avoid,False,,,loss,-1.0,2026-07-01T02:56:50+00:00
2026-06-26T16:09:28+00:00,wimbledon2026,R128,11,Soonwoo Kwon,Martin Landaluce,Martin Landaluce,-196.0,False,0.533135,0.844037,0.645509,-0.112374,0.0,0.1325,1.0,0.6515,0.1246,12.46,Avoid,False,,,loss,-1.0,2026-07-01T02:56:50+00:00
2026-06-26T16:09:28+00:00,wimbledon2026,R128,12,Alexandre Muller,Tommy Paul,Tommy Paul,-10000.0,False,0.680237,0.844037,0.954112,-0.273875,0.0,0.7209,1.0,0.3116,0.3351,33.51,Avoid,False,,,win,0.01,2026-07-01T02:56:50+00:00
2026-06-26T16:09:28+00:00,wimbledon2026,R128,13,Brandon Nakashima,Jack Pinnington Jones,Brandon Nakashima,-556.0,False,0.605483,0.779661,0.80908,-0.203598,0.0,0.4219,1.0,0.4312,0.2335,23.35,Avoid,False,,,win,0.1799,2026-07-01T02:56:50+00:00
2026-06-26T16:09:28+00:00,wimbledon2026,R128,14,Jan-Lennard Struff,Sebastian Baez,Jan-Lennard Struff,-385.0,False,0.636199,0.779661,0.760494,-0.124295,0.0,0.5448,1.0,0.3734,0.2761,27.61,Avoid,False,,,win,0.2597,2026-07-01T02:56:50+00:00
2026-06-26T16:09:28+00:00,wimbledon2026,R128,15,Camilo Ugo Carabelli,Daniel Merida,Camilo Ugo Carabelli,-125.0,False,0.55149,0.746575,0.543147,0.008343,0.0834,0.206,1.0,0.7245,0.1769,17.69,Avoid,False,,,loss,-1.0,2026-07-01T02:56:50+00:00
2026-06-26T16:09:28+00:00,wimbledon2026,R128,16,Marin Cilic,Daniil Medvedev,Daniil Medvedev,-345.0,False,0.632767,0.8,0.746583,-0.113816,0.0,0.5311,1.0,0.391,0.2702,27.02,Avoid,False,,,win,0.2899,2026-07-01T02:56:50+00:00
2026-06-26T16:09:28+00:00,wimbledon2026,R128,17,Felix Auger Aliassime,Aleksandr Shevchenko,Felix Auger Aliassime,-2000.0,False,0.646329,0.857143,0.920755,-0.274426,0.0,0.5853,1.0,0.3659,0.289,28.9,Avoid,False,,,win,0.05,2026-07-01T02:56:50+00:00
2026-06-26T16:09:28+00:00,wimbledon2026,R128,18,Adam Walton,Dino Prizmic,Dino Prizmic,-137.0,False,0.567517,0.717391,0.565337,0.00218,0.0218,0.2701,1.0,0.6765,0.1732,17.32,Avoid,False,,,win,0.7299,2026-07-01T02:56:50+00:00
2026-06-26T16:09:28+00:00,wimbledon2026,R128,19,Adolfo Daniel Vallejo,Nicolas Mejia,Adolfo Daniel Vallejo,-159.0,False,0.57405,0.779661,0.584343,-0.010293,0.0,0.2962,1.0,0.6472,0.1741,17.41,Avoid,False,,,loss,-1.0,2026-07-01T02:56:50+00:00
2026-06-26T16:09:28+00:00,wimbledon2026,R128,20,Michael Zheng,Cameron Norrie,Cameron Norrie,-200.0,False,0.578732,0.844037,0.638554,-0.059823,0.0,0.3149,1.0,0.5855,0.1859,18.59,Avoid,False,,,loss,-1.0,2026-07-01T02:56:50+00:00
2026-06-26T16:09:28+00:00,wimbledon2026,R128,21,Alejandro Davidovich Fokina,Juan Manuel Cerundolo,Alejandro Davidovich Fokina,-435.0,False,0.690858,0.821429,0.778793,-0.087935,0.0,0.7634,1.0,0.2687,0.3522,35.22,Avoid,False,,,win,0.2299,2026-07-01T02:56:50+00:00
2026-06-26T16:09:28+00:00,wimbledon2026,R128,22,Thiago Agustin Tirante,Fabian Marozsan,Thiago Agustin Tirante,275.0,True,0.524521,0.779661,0.255931,0.26859,1.0,0.0981,0.8,0.7167,0.5278,52.78,Upset Watch,False,,,loss,-1.0,2026-07-01T02:56:50+00:00
2026-06-26T16:09:28+00:00,wimbledon2026,R128,23,Luca Van Assche,Marton Fucsovics,Marton Fucsovics,-278.0,False,0.546681,0.480663,0.71963,-0.172949,0.0,0.1867,0.5,0.4437,0.0866,8.66,Avoid,False,,,win,0.3597,2026-07-01T02:56:50+00:00
2026-06-26T16:09:28+00:00,wimbledon2026,R128,24,Dalibor Svrcina,Learner Tien,Learner Tien,-714.0,False,0.635225,0.844037,0.861645,-0.22642,0.0,0.5409,1.0,0.3836,0.2739,27.39,Avoid,False,,,win,0.1401,2026-07-01T02:56:50+00:00
2026-06-26T16:09:28+00:00,wimbledon2026,R128,25,Andrey Rublev,Roman Safiullin,Andrey Rublev,-250.0,False,0.604178,0.92,0.688889,-0.08471,0.0,0.4167,1.0,0.4944,0.2256,22.56,Avoid,False,,,loss,-1.0,2026-07-01T02:56:50+00:00
2026-06-26T16:09:28+00:00,wimbledon2026,R128,26,Aleksandar Kovacevic,Botic van de Zandschulp,Botic van de Zandschulp,-172.0,False,0.604435,0.790123,0.600798,0.003636,0.0364,0.4177,1.0,0.5821,0.2335,23.35,Avoid,False,,,win,0.5814,2026-07-01T02:56:50+00:00
2026-06-26T16:09:28+00:00,wimbledon2026,R128,27,Jesper de Jong,Rinky Hijikata,Rinky Hijikata,-189.0,False,0.507814,0.388489,0.662383,-0.154569,0.0,0.0313,0.5,0.6342,0.021,2.1,Avoid,False,,,loss,-1.0,2026-07-01T02:56:50+00:00
2026-06-26T16:09:28+00:00,wimbledon2026,R128,28,Roberto Bautista Agut,Joao Fonseca,Joao Fonseca,-556.0,False,0.645924,0.790123,0.80908,-0.163156,0.0,0.5837,1.0,0.3588,0.2892,28.92,Avoid,False,,,win,0.1799,2026-07-01T02:56:50+00:00
2026-06-26T16:09:28+00:00,wimbledon2026,R128,29,Arthur Rinderknech,Oliver Tarvet,Arthur Rinderknech,-161.0,False,0.570003,0.746575,0.587619,-0.017616,0.0,0.28,1.0,0.6504,0.169,16.9,Avoid,False,,,win,0.6211,2026-07-01T02:56:50+00:00
2026-06-26T16:09:28+00:00,wimbledon2026,R128,30,Marco Trungelliti,Martin Damm,Martin Damm,-588.0,False,0.597689,0.783781,0.810364,-0.212675,0.0,0.3908,1.0,0.4437,0.2229,22.29,Avoid,False,,,win,0.1701,2026-07-01T02:56:50+00:00
2026-06-26T16:09:28+00:00,wimbledon2026,R128,31,Hugo Gaston,Stefanos Tsitsipas,Stefanos Tsitsipas,-250.0,False,0.63131,0.844037,0.6875,-0.05619,0.0,0.5252,1.0,0.4524,0.2623,26.23,Avoid,False,,,win,0.4,2026-07-01T02:56:50+00:00
2026-06-26T16:09:28+00:00,wimbledon2026,R128,32,Yibing Wu,Novak Djokovic,Novak Djokovic,-2500.0,False,0.690929,0.844037,0.9375,-0.246571,0.0,0.7637,1.0,0.2945,0.3497,34.97,Avoid,False,,,win,0.04,2026-07-01T02:56:50+00:00
2026-06-26T16:09:28+00:00,wimbledon2026,R128,33,Alex De Minaur,Roman Andres Burruchaga,Alex De Minaur,-3333.0,False,0.67864,0.857143,0.935745,-0.257105,0.0,0.7146,1.0,0.3142,0.333,33.3,Avoid,False,,,win,0.03,2026-07-01T02:56:50+00:00
2026-06-26T16:09:28+00:00,wimbledon2026,R128,34,Adrian Mannarino,Titouan Droguet,Adrian Mannarino,-278.0,False,0.557695,0.611511,0.701799,-0.144104,0.0,0.2308,1.0,0.4276,0.1765,17.65,Avoid,False,,,win,0.3597,2026-07-01T02:56:50+00:00
2026-06-26T16:09:28+00:00,wimbledon2026,R128,35,Mattia Bellucci,Zachary Svajda,Mattia Bellucci,-182.0,False,0.587976,0.746575,0.639617,-0.05164,0.0,0.3519,1.0,0.5696,0.1986,19.86,Avoid,True,2026-06-29T15:50:50+00:00,opponent swap → Pablo Llamas Ruiz vs Zachary Svajda,,,
2026-06-26T16:09:28+00:00,wimbledon2026,R128,36,Kamil Majchrzak,Alejandro Tabilo,Alejandro Tabilo,146.0,True,0.524803,0.774194,0.389794,0.135008,1.0,0.0992,0.8,0.8051,0.5193,51.93,Upset Watch,False,,,loss,-1.0,2026-07-01T02:56:50+00:00
2026-06-26T16:09:28+00:00,wimbledon2026,R128,37,Karen Khachanov,Billy Harris,Karen Khachanov,-500.0,False,0.609309,0.857143,0.789474,-0.180165,0.0,0.4372,1.0,0.4251,0.2387,23.87,Avoid,False,,,win,0.2,2026-07-01T02:56:50+00:00
2026-06-26T16:09:28+00:00,wimbledon2026,R128,38,Yannick Hanfmann,Giovanni Mpetshi Perricard,Yannick Hanfmann,129.0,True,0.536513,0.779661,0.419944,0.116569,1.0,0.1461,0.8,0.7715,0.5367,53.67,Upset Watch,False,,,win,1.29,2026-07-01T02:56:50+00:00
2026-06-26T16:09:28+00:00,wimbledon2026,R128,39,Tallon Griekspoor,James Duckworth,Tallon Griekspoor,-250.0,False,0.601581,0.779661,0.688196,-0.086615,0.0,0.4063,1.0,0.4993,0.222,22.2,Avoid,False,,,loss,-1.0,2026-07-02T01:42:08+00:00
2026-06-26T16:09:28+00:00,wimbledon2026,R128,40,Mariano Navone,Flavio Cobolli,Flavio Cobolli,-588.0,False,0.714436,0.844037,0.843156,-0.128719,0.0,0.8577,1.0,0.2297,0.3844,38.44,Avoid,False,,,win,0.1701,2026-07-02T01:42:08+00:00
2026-06-26T16:09:28+00:00,wimbledon2026,R128,41,Jakub Mensik,Toby Samuel,Jakub Mensik,-303.0,False,0.614589,0.857143,0.728011,-0.113423,0.0,0.4584,1.0,0.4386,0.2436,24.36,Avoid,False,,,win,0.33,2026-07-01T02:56:50+00:00
2026-06-26T16:09:28+00:00,wimbledon2026,R128,42,Dane Sweeny,Grigor Dimitrov,Grigor Dimitrov,-333.0,False,0.598055,0.652381,0.734649,-0.136594,0.0,0.3922,1.0,0.3309,0.2346,23.46,Avoid,False,,,win,0.3003,2026-07-01T02:56:50+00:00
2026-06-26T16:09:28+00:00,wimbledon2026,R128,43,Stan Wawrinka,Matteo Berrettini,Matteo Berrettini,-370.0,False,0.617336,0.844037,0.758974,-0.141638,0.0,0.4693,1.0,0.4123,0.2496,24.96,Avoid,False,,,win,0.2703,2026-07-01T02:56:50+00:00
2026-06-26T16:09:28+00:00,wimbledon2026,R128,44,Raphael Collignon,Arthur Fils,Arthur Fils,-227.0,False,0.673284,0.844037,0.656242,0.017042,0.1704,0.6931,1.0,0.4165,0.393,39.3,Lean,False,,,win,0.4405,2026-07-01T02:56:50+00:00
2026-06-26T16:09:28+00:00,wimbledon2026,R128,45,Ugo Humbert,Zizou Bergs,Ugo Humbert,-185.0,False,0.603834,0.857143,0.618729,-0.014895,0.0,0.4153,1.0,0.5651,0.2181,21.81,Avoid,False,,,loss,-1.0,2026-07-01T02:56:50+00:00
2026-06-26T16:09:28+00:00,wimbledon2026,R128,46,Sho Shimabukuro,Jaime Faria,Sho Shimabukuro,-137.0,False,0.512693,0.519337,0.564242,-0.051549,0.0,0.0508,1.0,0.5743,0.1078,10.78,Avoid,False,,,loss,-1.0,2026-07-01T02:56:50+00:00
2026-06-26T16:09:28+00:00,wimbledon2026,R128,47,Damir Dzumhur,Arthur Fery,Arthur Fery,-294.0,False,0.605626,0.717391,0.736719,-0.131093,0.0,0.4225,1.0,0.3933,0.2374,23.74,Avoid,False,,,win,0.3401,2026-07-01T02:56:50+00:00
2026-06-26T16:09:28+00:00,wimbledon2026,R128,48,Otto Virtanen,Ben Shelton,Ben Shelton,-333.0,False,0.581062,0.844037,0.733561,-0.1525,0.0,0.3242,1.0,0.4867,0.1986,19.86,Avoid,False,,,loss,-1.0,2026-07-01T02:56:50+00:00
2026-06-26T16:09:28+00:00,wimbledon2026,R128,49,Taylor Fritz,Jack Draper,Taylor Fritz,-175.0,False,0.598636,0.821429,0.624189,-0.025552,0.0,0.3945,1.0,0.568,0.2116,21.16,Avoid,True,2026-06-29T15:50:50+00:00,opponent swap → Taylor Fritz vs Dusan Lajovic,,,
2026-06-26T16:09:28+00:00,wimbledon2026,R128,50,Patrick Kypson,Mackenzie McDonald,Mackenzie McDonald,-222.0,False,0.520595,0.3,0.700966,-0.180371,0.0,0.0824,0.5,0.6161,0.0381,3.81,Avoid,False,,,loss,-1.0,2026-07-01T02:56:50+00:00
2026-06-26T16:09:28+00:00,wimbledon2026,R128,51,Benjamin Bonzi,Gabriel Diallo,Gabriel Diallo,-147.0,False,0.505539,0.480663,0.566971,-0.061432,0.0,0.0222,0.5,0.6073,0.0209,2.09,Avoid,False,,,win,0.6803,2026-07-01T02:56:50+00:00
2026-06-26T16:09:28+00:00,wimbledon2026,R128,52,Lorenzo Sonego,Tomas Martin Etcheverry,Tomas Martin Etcheverry,-137.0,False,0.57049,0.774194,0.55528,0.015209,0.1521,0.282,1.0,0.6819,0.2348,23.48,Avoid,False,,,loss,-1.0,2026-07-01T02:56:50+00:00
2026-06-26T16:09:28+00:00,wimbledon2026,R128,53,Frances Tiafoe,Terence Atmane,Frances Tiafoe,-400.0,False,0.713564,0.92,0.775986,-0.062421,0.0,0.8543,1.0,0.2583,0.3804,38.04,Avoid,False,,,win,0.25,2026-07-02T01:42:08+00:00
2026-06-26T16:09:28+00:00,wimbledon2026,R128,54,Vit Kopriva,Jan Choinski,Vit Kopriva,-137.0,False,0.546732,0.779661,0.556421,-0.009688,0.0,0.1869,1.0,0.7188,0.1342,13.42,Avoid,False,,,loss,-1.0,2026-07-02T01:42:08+00:00
2026-06-26T16:09:28+00:00,wimbledon2026,R128,55,Kyrian Jacquet,Vilius Gaubas,Kyrian Jacquet,-182.0,False,0.526524,0.519337,0.629269,-0.102745,0.0,0.1061,1.0,0.4879,0.133,13.3,Avoid,False,,,win,0.5495,2026-07-01T02:56:50+00:00
2026-06-26T16:09:28+00:00,wimbledon2026,R128,56,Thanasi Kokkinakis,Alexander Bublik,Alexander Bublik,-303.0,False,0.588392,0.761905,0.722912,-0.134519,0.0,0.3536,1.0,0.4857,0.2075,20.75,Avoid,False,,,win,0.33,2026-07-01T02:56:50+00:00
2026-06-26T16:09:28+00:00,wimbledon2026,R128,57,Jiri Lehecka,Alexei Popyrin,Jiri Lehecka,-345.0,False,0.642985,0.887883,0.759797,-0.116812,0.0,0.5719,1.0,0.3712,0.2845,28.45,Avoid,False,,,win,0.2899,2026-07-02T01:42:08+00:00
2026-06-26T16:09:28+00:00,wimbledon2026,R128,58,Alex Molcan,Daniel Altmaier,Alex Molcan,163.0,True,0.505718,0.746575,0.363196,0.142522,1.0,0.0229,0.8,0.809,0.496,49.6,Upset Watch,False,,,win,1.63,2026-07-02T01:42:08+00:00
2026-06-26T16:09:28+00:00,wimbledon2026,R128,59,Alex Michelsen,Jacob Fearnley,Alex Michelsen,-123.0,False,0.576562,0.861028,0.52452,0.052042,0.5204,0.3062,1.0,0.703,0.4058,40.58,Lean,False,,,loss,-1.0,2026-07-01T02:56:50+00:00
2026-06-26T16:09:28+00:00,wimbledon2026,R128,60,Jaume Munar,Francisco Cerundolo,Francisco Cerundolo,-303.0,False,0.632326,0.844037,0.718811,-0.086485,0.0,0.5293,1.0,0.4195,0.2668,26.68,Avoid,False,,,loss,-1.0,2026-07-01T02:56:50+00:00
2026-06-26T16:09:28+00:00,wimbledon2026,R128,61,Matteo Arnaldi,Quentin Halys,Matteo Arnaldi,100.0,True,0.518763,0.567164,0.487298,0.031465,0.3147,0.0751,0.8,0.7318,0.2109,21.09,Upset Watch,False,,,loss,-1.0,2026-07-01T02:56:50+00:00
2026-06-26T16:09:28+00:00,wimbledon2026,R128,62,Corentin Moutet,Marcos Giron,Corentin Moutet,114.0,True,0.533168,0.746575,0.447018,0.08615,0.8615,0.1327,0.8,0.8039,0.4671,46.71,Upset Watch,False,,,loss,-1.0,2026-07-01T02:56:50+00:00
2026-06-26T16:09:28+00:00,wimbledon2026,R128,63,Valentin Royer,Harry Wendelken,Valentin Royer,-137.0,False,0.513342,0.611511,0.548313,-0.034972,0.0,0.0534,1.0,0.7112,0.0949,9.49,Avoid,False,,,win,0.7299,2026-07-01T02:56:50+00:00
2026-06-26T16:09:28+00:00,wimbledon2026,R128,64,Alexander Blockx,Alexander Zverev,Alexander Zverev,-1429.0,False,0.770633,0.844037,0.910611,-0.139978,0.0,1.0,1.0,0.0979,0.4402,44.02,Avoid,False,,,win,0.07,2026-07-01T02:56:50+00:00
2026-06-29T15:50:50+00:00,wimbledon2026,R128,35,Pablo Llamas Ruiz,Zachary Svajda,Zachary Svajda,-250.0,False,0.519554,0.432836,0.6875,-0.167946,0.0,0.0782,0.5,0.5468,0.0438,4.38,Avoid,False,,,win,0.4,2026-07-01T02:56:50+00:00
2026-06-29T15:50:50+00:00,wimbledon2026,R128,49,Taylor Fritz,Dusan Lajovic,Taylor Fritz,-1429.0,False,0.692622,0.92929,0.914196,-0.221574,0.0,0.7705,1.0,0.2918,0.352,35.2,Avoid,False,,,win,0.07,2026-07-01T02:56:50+00:00
2026-07-01T02:57:36+00:00,wimbledon2026,R64,1,Jannik Sinner,Nuno Borges,Jannik Sinner,-5000.0,False,0.758515,0.92,0.943396,-0.184881,0.0,1.0,1.0,0.2,0.43,43.0,Avoid,False,,,,,
2026-07-01T02:57:36+00:00,wimbledon2026,R64,2,Jenson Brooksby,Ignacio Buse,Ignacio Buse,120.0,True,0.526866,0.680822,0.433029,0.093837,0.9384,0.1075,0.8,0.8,0.4945,49.45,Upset Watch,False,,,,,
2026-07-01T02:57:36+00:00,wimbledon2026,R64,3,Rafael Jodar,Pablo Carreno Busta,Rafael Jodar,-333.0,False,0.662323,0.821429,0.74253,-0.080207,0.0,0.6493,1.0,0.3478,0.31,31.0,Avoid,False,,,,,
2026-07-01T02:57:36+00:00,wimbledon2026,R64,4,Shintaro Mochizuki,Ethan Quinn,Ethan Quinn,-278.0,False,0.581665,0.8,0.701799,-0.120134,0.0,0.3267,1.0,0.5175,0.1962,19.62,Avoid,False,,,,,
2026-07-01T02:57:36+00:00,wimbledon2026,R64,5,Hubert Hurkacz,Sebastian Ofner,Hubert Hurkacz,-345.0,False,0.621503,0.746575,0.744069,-0.122566,0.0,0.486,1.0,0.3783,0.258,25.8,Avoid,False,,,,,
2026-07-01T02:57:36+00:00,wimbledon2026,R64,6,Soonwoo Kwon,Tommy Paul,Tommy Paul,-769.0,False,0.604567,0.844037,0.850919,-0.246352,0.0,0.4183,1.0,0.4327,0.2322,23.22,Avoid,False,,,,,
2026-07-01T02:57:36+00:00,wimbledon2026,R64,7,Brandon Nakashima,Jan-Lennard Struff,Brandon Nakashima,-333.0,False,0.655147,0.821429,0.729121,-0.073974,0.0,0.6206,1.0,0.3726,0.2989,29.89,Avoid,False,,,,,
2026-07-01T02:57:36+00:00,wimbledon2026,R64,8,Daniel Merida,Daniil Medvedev,Daniil Medvedev,-5000.0,False,0.690406,0.844037,0.949051,-0.258645,0.0,0.7616,1.0,0.2953,0.349,34.9,Avoid,False,,,,,
2026-07-01T02:57:36+00:00,wimbledon2026,R64,9,Felix Auger Aliassime,Dino Prizmic,Felix Auger Aliassime,-588.0,False,0.727269,0.857143,0.81309,-0.085822,0.0,0.9091,1.0,0.2095,0.4018,40.18,Avoid,False,,,,,
2026-07-01T02:57:36+00:00,wimbledon2026,R64,10,Nicolas Mejia,Michael Zheng,Michael Zheng,-417.0,False,0.588928,0.790123,0.777406,-0.188478,0.0,0.3557,1.0,0.4577,0.2109,21.09,Avoid,False,,,,,
2026-07-01T02:57:36+00:00,wimbledon2026,R64,11,Alejandro Davidovich Fokina,Fabian Marozsan,Alejandro Davidovich Fokina,-227.0,False,0.633497,0.857143,0.656242,-0.022745,0.0,0.534,1.0,0.4802,0.2622,26.22,Avoid,False,,,,,
2026-07-01T02:57:36+00:00,wimbledon2026,R64,12,Marton Fucsovics,Learner Tien,Learner Tien,-303.0,False,0.621948,0.844037,0.718811,-0.096864,0.0,0.4878,1.0,0.4361,0.2527,25.27,Avoid,False,,,,,
2026-07-01T02:57:36+00:00,wimbledon2026,R64,13,Roman Safiullin,Botic van de Zandschulp,Botic van de Zandschulp,110.0,True,0.529479,0.844037,0.451687,0.077792,0.7779,0.1179,0.8,0.8145,0.424,42.4,Lean,False,,,,,
2026-07-01T02:57:36+00:00,wimbledon2026,R64,14,Jesper de Jong,Joao Fonseca,Joao Fonseca,-588.0,False,0.675404,0.844037,0.820818,-0.145415,0.0,0.7016,1.0,0.3194,0.3285,32.85,Avoid,False,,,,,
2026-07-01T02:57:36+00:00,wimbledon2026,R64,15,Arthur Rinderknech,Martin Damm,Arthur Rinderknech,-149.0,False,0.556791,0.746575,0.570527,-0.013735,0.0,0.2272,1.0,0.6886,0.1493,14.93,Avoid,False,,,,,
2026-07-01T02:57:36+00:00,wimbledon2026,R64,16,Stefanos Tsitsipas,Novak Djokovic,Novak Djokovic,-588.0,False,0.694379,0.844037,0.818032,-0.123653,0.0,0.7775,1.0,0.2885,0.3544,35.44,Avoid,False,,,,,
2026-07-01T02:57:36+00:00,wimbledon2026,R64,17,Alex De Minaur,Adrian Mannarino,Alex De Minaur,-476.0,False,0.670777,0.857143,0.788079,-0.117302,0.0,0.6831,1.0,0.3268,0.3223,32.23,Avoid,False,,,,,
2026-07-01T02:57:36+00:00,wimbledon2026,R64,18,Zachary Svajda,Kamil Majchrzak,Kamil Majchrzak,-244.0,False,0.572005,0.693548,0.680297,-0.108293,0.0,0.288,1.0,0.5166,0.1848,18.48,Avoid,False,,,,,
2026-07-01T02:57:36+00:00,wimbledon2026,R64,19,Karen Khachanov,Yannick Hanfmann,Karen Khachanov,-250.0,False,0.621421,0.779661,0.681818,-0.060397,0.0,0.4857,1.0,0.4739,0.2483,24.83,Avoid,False,,,,,
2026-07-01T02:57:36+00:00,wimbledon2026,R64,21,Jakub Mensik,Grigor Dimitrov,Jakub Mensik,-169.0,False,0.539133,0.611511,0.599237,-0.060104,0.0,0.1565,1.0,0.5847,0.1385,13.85,Avoid,False,,,,,
2026-07-01T02:57:36+00:00,wimbledon2026,R64,22,Matteo Berrettini,Arthur Fils,Arthur Fils,-161.0,False,0.672943,0.844037,0.592798,0.080144,0.8014,0.6918,1.0,0.4805,0.6701,67.01,Top Pick,False,,,,,
2026-07-01T02:57:36+00:00,wimbledon2026,R64,23,Zizou Bergs,Jaime Faria,Zizou Bergs,-250.0,False,0.522752,0.347619,0.681818,-0.159067,0.0,0.091,0.5,0.6318,0.0391,3.91,Avoid,False,,,,,
2026-07-01T02:57:36+00:00,wimbledon2026,R64,24,Arthur Fery,Otto Virtanen,Otto Virtanen,-182.0,False,0.524107,0.418919,0.629269,-0.105162,0.0,0.0964,0.5,0.6224,0.0417,4.17,Avoid,False,,,,,
2026-07-01T02:57:36+00:00,wimbledon2026,R64,25,Taylor Fritz,Patrick Kypson,Taylor Fritz,-1250.0,False,0.682035,0.948949,0.894839,-0.212804,0.0,0.7281,1.0,0.3087,0.3376,33.76,Avoid,False,,,,,
2026-07-01T02:57:36+00:00,wimbledon2026,R64,26,Gabriel Diallo,Lorenzo Sonego,Lorenzo Sonego,-110.0,False,0.52504,0.652381,0.511628,0.013413,0.1341,0.1002,1.0,0.7681,0.1636,16.36,Avoid,False,,,,,
2026-07-01T02:57:36+00:00,wimbledon2026,R64,28,Kyrian Jacquet,Alexander Bublik,Alexander Bublik,-333.0,False,0.599668,0.844037,0.737859,-0.138191,0.0,0.3987,1.0,0.4527,0.2243,22.43,Avoid,False,,,,,
2026-07-01T02:57:36+00:00,wimbledon2026,R64,30,Jacob Fearnley,Jaume Munar,Jaume Munar,-200.0,False,0.588578,0.844037,0.647059,-0.058481,0.0,0.3543,1.0,0.5612,0.2002,20.02,Avoid,False,,,,,
2026-07-01T02:57:36+00:00,wimbledon2026,R64,31,Quentin Halys,Marcos Giron,Quentin Halys,-110.0,False,0.553976,0.746575,0.5,0.053976,0.5398,0.2159,1.0,0.7636,0.3813,38.13,Lean,False,,,,,
2026-07-01T02:57:36+00:00,wimbledon2026,R64,32,Valentin Royer,Alexander Zverev,Alexander Zverev,-1429.0,False,0.70787,0.844037,0.91555,-0.20768,0.0,0.8315,1.0,0.249,0.3745,37.45,Avoid,False,,,,,
2026-07-02T01:43:33+00:00,wimbledon2026,R64,20,James Duckworth,Flavio Cobolli,Flavio Cobolli,-270.0,False,0.632716,0.844037,0.687869,-0.055153,0.0,0.5309,1.0,0.4498,0.2643,26.43,Avoid,False,,,,,
2026-07-02T01:43:33+00:00,wimbledon2026,R64,27,Frances Tiafoe,Jan Choinski,Frances Tiafoe,-769.0,False,0.649987,0.96443,0.84151,-0.191523,0.0,0.5999,1.0,0.36,0.294,29.4,Avoid,False,,,,,
2026-07-02T01:43:33+00:00,wimbledon2026,R64,29,Jiri Lehecka,Alex Molcan,Jiri Lehecka,-476.0,False,0.615259,0.857143,0.781577,-0.166318,0.0,0.461,1.0,0.4156,0.2468,24.68,Avoid,False,,,,,
