match_no,date,round,surface,tourney_level,best_of,player_a,player_b,odds_player_a,odds_player_b,pred_winner,confidence,prob_player_a_win,prob_player_b_win,book_fair_prob_a,book_fair_prob_b,p_elo_a,p_temp_a,delta_elo,correct_prediction,correct_prediction_book
1,7/1/2025,R128,Hard,M,3,Jannik Sinner,Luca Nardi,,,Jannik Sinner,0.772473,0.772473,0.227527,,,0.985779,0.719151,736.3392542530325,1,
2,7/1/2025,R128,Hard,M,3,Chun-Hsin Tseng,Aleksandar Vukic,,,Aleksandar Vukic,0.663834,0.336166,0.663834,,,0.452546,0.372056,-33.073962233514294,1,
3,7/1/2025,R128,Hard,M,3,Pedro Martinez,George Loffhagen,,,George Loffhagen,0.691923,0.308077,0.691923,,,0.449319,0.349235,-35.33834480647556,0,
4,7/1/2025,R128,Hard,M,3,Mariano Navone,Denis Shapovalov,,,Denis Shapovalov,0.684279,0.315721,0.684279,,,0.39188,0.355487,-76.33442018391474,0,
5,7/1/2025,R128,Hard,M,3,Grigor Dimitrov,Yoshihito Nishioka,,,Yoshihito Nishioka,0.533229,0.466771,0.533229,,,0.664313,0.474424,118.57554420282099,0,
6,7/1/2025,R128,Hard,M,3,Francisco Comesana,Corentin Moutet,,,Corentin Moutet,0.5528,0.4472,0.5528,,,0.420655,0.459323,-55.604549292050706,1,
7,7/1/2025,R128,Hard,M,3,Sebastian Ofner,Hamad Medjedovic,,,Sebastian Ofner,0.600066,0.600066,0.399934,,,0.388843,0.577399,-78.55172207100736,1,
8,7/1/2025,R128,Hard,M,3,Jack Monday,Tommy Paul,,,Tommy Paul,0.757861,0.242139,0.757861,,,0.244046,0.293658,-196.409890267704,1,
9,7/1/2025,R128,Hard,M,3,Ben Shelton,Alex Bolt,,,Ben Shelton,0.63444,0.63444,0.36556,,,0.838448,0.604461,286.06562942556934,1,
10,7/1/2025,R128,Hard,M,3,Rinky Hijikata,David Goffin,,,Rinky Hijikata,0.621238,0.621238,0.378762,,,0.445725,0.594023,-37.86359942396257,1,
11,7/1/2025,R128,Hard,M,3,Aleksandar Kovacevic,Marton Fucsovics,,,Marton Fucsovics,0.5868,0.4132,0.5868,,,0.383262,0.432954,-82.64219248463269,1,
12,7/1/2025,R128,Hard,M,3,Gael Monfils,Ugo Humbert,,,Ugo Humbert,0.631897,0.368103,0.631897,,,0.451392,0.397555,-33.883482150133204,0,
13,7/1/2025,R128,Hard,M,3,Brandon Nakashima,Bu Yunchaokete,,,Brandon Nakashima,0.67172,0.67172,0.32828,,,0.574278,0.63431,51.99818676812265,1,
14,7/1/2025,R128,Hard,M,3,Alexander Shevchenko,Reilly Opelka,,,Reilly Opelka,0.573799,0.426201,0.573799,,,0.445816,0.443062,-37.799494936371275,1,
15,7/1/2025,R128,Hard,M,3,Joao Faria,Lorenzo Sonego,,,Lorenzo Sonego,0.598744,0.401256,0.598744,,,0.427095,0.423634,-51.02358663117934,1,
16,7/1/2025,R128,Hard,M,3,Nikoloz Basilashvili,Lorenzo Musetti,,,Lorenzo Musetti,0.842468,0.157532,0.842468,,,0.183427,0.215891,-259.41326320481494,0,
17,7/1/2025,R128,Hard,M,3,Jack Draper,Sebastian Baez,,,Jack Draper,0.617641,0.617641,0.382359,,,0.78362,0.591189,223.55546423855048,1,
18,7/1/2025,R128,Hard,M,3,Raphael Collignon,Marin Cilic,,,Marin Cilic,0.570775,0.429225,0.570775,,,0.352839,0.445409,-105.37412449989552,1,
19,7/1/2025,R128,Hard,M,3,James McCabe,Fabian Marozsan,,,James McCabe,0.512989,0.512989,0.487011,,,0.417458,0.509993,-57.885659214639645,0,
20,7/1/2025,R128,Hard,M,3,Jaume Munar,Alexander Bublik,,,Alexander Bublik,0.521154,0.478846,0.521154,,,0.393564,0.483724,-75.10755851543172,0,
21,7/1/2025,R128,Hard,M,3,Flavio Cobolli,Beibit Zhukayev,,,Flavio Cobolli,0.697729,0.697729,0.302271,,,0.742832,0.655537,184.26934087222094,1,
22,7/1/2025,R128,Hard,M,3,Tomas Martin Etcheverry,Jack Pinnington Jones,,,Tomas Martin Etcheverry,0.535191,0.535191,0.464809,,,0.637816,0.527088,98.30612949391389,0,
23,7/1/2025,R128,Hard,M,3,Marcos Giron,Camilo Ugo Carabelli,,,Camilo Ugo Carabelli,0.64549,0.35451,0.64549,,,0.555025,0.386753,38.39093994681184,0,
24,7/1/2025,R128,Hard,M,3,Hugo Gaston,Jakub Mensik,,,Jakub Mensik,0.671204,0.328796,0.671204,,,0.264725,0.366108,-177.46159042806198,1,
25,7/1/2025,R128,Hard,M,3,Alex De Minaur,Roberto Carballes Baena,,,Alex De Minaur,0.686694,0.686694,0.313306,,,0.800271,0.646484,241.11876371335666,1,
26,7/1/2025,R128,Hard,M,3,Arthur Cazaux,Adam Walton,,,Arthur Cazaux,0.639537,0.639537,0.360463,,,0.610325,0.608507,77.94367017340801,1,
27,7/1/2025,R128,Hard,M,3,Quentin Halys,August Holmgren,,,Quentin Halys,0.55247,0.55247,0.44753,,,0.538007,0.540423,26.461162673267836,0,
28,7/1/2025,R128,Hard,M,3,Damir Dzumhur,Tomas Machac,,,Tomas Machac,0.727851,0.272149,0.727851,,,0.212533,0.319357,-227.52210961475566,1,
29,7/1/2025,R128,Hard,M,3,Alex Michelsen,Miomir Kecmanovic,,,Alex Michelsen,0.691747,0.691747,0.308253,,,0.584936,0.65062,59.59755407776743,0,
30,7/1/2025,R128,Hard,M,3,Jesper De Jong,Christopher Eubanks,,,Christopher Eubanks,0.587003,0.412997,0.587003,,,0.473251,0.432796,-18.604733724284415,0,
31,7/1/2025,R128,Hard,M,3,Daniel Evans,Jay Clarke,,,Jay Clarke,0.505682,0.494318,0.505682,,,0.5576,0.495629,40.203080128551846,0,
32,7/1/2025,R128,Hard,M,3,Alexandre Muller,Novak Djokovic,,,Novak Djokovic,0.857157,0.142843,0.857157,,,0.065829,0.201272,-460.80268758341595,1,
33,7/1/2025,R128,Hard,M,3,Taylor Fritz,Giovanni Mpetshi Perricard,,,Taylor Fritz,0.762135,0.762135,0.237865,,,0.827283,0.710067,272.12735841056315,1,
34,7/1/2025,R128,Hard,M,3,Gabriel Diallo,Daniel Altmaier,,,Gabriel Diallo,0.735255,0.735255,0.264745,,,0.612145,0.686914,79.27386067734028,1,
35,7/1/2025,R128,Hard,M,3,Matteo Arnaldi,Botic van de Zandschulp,,,Botic van de Zandschulp,0.805236,0.194764,0.805236,,,0.44646,0.251278,-37.34660042548194,1,
36,7/1/2025,R128,Hard,M,3,Brandon Holt,Alejandro Davidovich Fokina,,,Alejandro Davidovich Fokina,0.698467,0.301533,0.698467,,,0.257382,0.343855,-184.07512490027102,1,
37,7/1/2025,R128,Hard,M,3,Alexei Popyrin,Arthur Fery,,,Arthur Fery,0.508763,0.491237,0.508763,,,0.670181,0.493259,123.16672555358332,1,
38,7/1/2025,R128,Hard,M,3,Luciano Darderi,Roman Safiullin,,,Luciano Darderi,0.602548,0.602548,0.397452,,,0.545732,0.579342,31.86695478462957,1,
39,7/1/2025,R128,Hard,M,3,Vit Kopriva,Jordan Thompson,,,Vit Kopriva,0.509013,0.509013,0.490987,,,0.375899,0.506933,-88.07328214364065,0,
40,7/1/2025,R128,Hard,M,3,Benjamin Bonzi,Daniil Medvedev,,,Daniil Medvedev,0.836138,0.163862,0.836138,,,0.224803,0.222066,-215.0435472050865,0,
41,7/1/2025,R128,Hard,M,3,Francisco Cerundolo,Nuno Borges,,,Francisco Cerundolo,0.822068,0.822068,0.177932,,,0.662381,0.764452,117.07238829407333,0,
42,7/1/2025,R128,Hard,M,3,Billy Harris,Dusan Lajovic,,,Billy Harris,0.615555,0.615555,0.384445,,,0.451112,0.589548,-34.07980956521419,1,
43,7/1/2025,R128,Hard,M,3,Shintaro Mochizuki,Giulio Zeppieri,,,Giulio Zeppieri,0.560202,0.439798,0.560202,,,0.437461,0.453599,-43.68510105954351,0,
44,7/1/2025,R128,Hard,M,3,Mackenzie McDonald,Karen Khachanov,,,Karen Khachanov,0.713601,0.286399,0.713601,,,0.273016,0.331311,-170.13456048522426,1,
45,7/1/2025,R128,Hard,M,3,Matteo Berrettini,Kamil Majchrzak,,,Matteo Berrettini,0.649621,0.649621,0.350379,,,0.632656,0.616544,94.43815118672228,0,
46,7/1/2025,R128,Hard,M,3,Ethan Quinn,Henry Searle,,,Ethan Quinn,0.581358,0.581358,0.418642,,,0.503776,0.562811,2.62400115188143,1,
47,7/1/2025,R128,Hard,M,3,Cristian Garin,Chris Rodesch,,,Chris Rodesch,0.529015,0.470985,0.529015,,,0.541336,0.477671,28.78872415294427,0,
48,7/1/2025,R128,Hard,M,3,Arthur Rinderknech,Alexander Zverev,,,Alexander Zverev,0.853871,0.146129,0.853871,,,0.197813,0.204579,-243.20788274617144,0,
49,7/1/2025,R128,Hard,M,3,Holger Rune,Nicolas Jarry,,,Holger Rune,0.772325,0.772325,0.227675,,,0.710658,0.71902,156.09932781489692,0,
50,7/1/2025,R128,Hard,M,3,Learner Tien,Nishesh Basavareddy,,,Learner Tien,0.691563,0.691563,0.308437,,,0.756455,0.65047,196.88110867163277,1,
51,7/1/2025,R128,Hard,M,3,Jacob Fearnley,Joao Fonseca,,,Joao Fonseca,0.735695,0.264305,0.735695,,,0.238858,0.312712,-201.33082330574985,1,
52,7/1/2025,R128,Hard,M,3,Jenson Brooksby,Tallon Griekspoor,,,Tallon Griekspoor,0.746443,0.253557,0.746443,,,0.469089,0.303526,-21.506289339051136,0,
53,7/1/2025,R128,Hard,M,3,Jiri Lehecka,Hugo Dellien,,,Jiri Lehecka,0.804699,0.804699,0.195301,,,0.871179,0.748226,332.04766501641575,1,
54,7/1/2025,R128,Hard,M,3,Matteo Bellucci,Oliver Crawford,,,Matteo Bellucci,0.653331,0.653331,0.346669,,,0.547636,0.619511,33.20173570862039,1,
55,7/1/2025,R128,Hard,M,3,Cameron Norrie,Roberto Bautista Agut,,,Cameron Norrie,0.716145,0.716145,0.283855,,,0.63782,0.670812,98.3094915729373,1,
56,7/1/2025,R128,Hard,M,3,Elmer Moller,Frances Tiafoe,,,Frances Tiafoe,0.621798,0.378202,0.621798,,,0.285033,0.405536,-159.75621307564415,1,
57,7/1/2025,R128,Hard,M,3,Andrey Rublev,Laslo Djere,,,Andrey Rublev,0.784459,0.784459,0.215541,,,0.76571,0.729823,205.72414602867457,1,
58,7/1/2025,R128,Hard,M,3,Zizou Bergs,Lloyd Harris,,,Zizou Bergs,0.585366,0.585366,0.414634,,,0.627583,0.565929,90.65674092959875,0,
59,7/1/2025,R128,Hard,M,3,Adrian Mannarino,Christopher O'Connell,,,Christopher O'Connell,0.581428,0.418572,0.581428,,,0.509558,0.437135,6.642543177611742,0,
60,7/1/2025,R128,Hard,M,3,Valentin Royer,Stefanos Tsitsipas,,,Stefanos Tsitsipas,0.731619,0.268381,0.731619,,,0.267344,0.316171,-175.13221471944894,0,
61,7/1/2025,R128,Hard,M,3,Felix Auger Aliassime,James Duckworth,,,Felix Auger Aliassime,0.778089,0.778089,0.221911,,,0.876297,0.724132,340.1084190295958,1,
62,7/1/2025,R128,Hard,M,3,Jan-Lennard Struff,Filip Misolic,,,Jan-Lennard Struff,0.760444,0.760444,0.239556,,,0.685717,0.708591,135.52962867610745,1,
63,7/1/2025,R128,Hard,M,3,Oliver Tarvet,Leandro Riedi,,,Leandro Riedi,0.61704,0.38296,0.61704,,,0.501332,0.409284,0.9255209540961005,0,
64,7/1/2025,R128,Hard,M,3,Fabio Fognini,Carlos Alcaraz,,,Carlos Alcaraz,0.832639,0.167361,0.832639,,,0.042543,0.225449,-540.9182186507064,1,
